<prezi xsi:schemaLocation="http://prezi.com/schema/prezi/2 http://prezi.com/schema/prezi/2" xmlns:xsi="http://www.w3.org/2001/XMLSchema-instance" version="2" xmlns="http://prezi.com/schema/prezi/2"><xFields><xField name="preziType"><xEnum type="PreziType" value="converted-from-core"/></xField></xFields><documentStyle><documentStyle><fontClasses><array><fontClass><fontFamily><string value="Arimo"/></fontFamily><name><string value="body"/></name></fontClass><fontClass><fontFamily><string value="Arimo"/></fontFamily><fontWeight><fontWeight value="bold"/></fontWeight><name><string value="head"/></name></fontClass><fontClass><fontFamily><string value="Arsenal"/></fontFamily><fontStyle><fontStyle value="italic"/></fontStyle><fontWeight><fontWeight value="bold"/></fontWeight><name><string value="strong"/></name></fontClass></array></fontClasses><fontFamilies><array><fontFamily><fontFaces><array><fontFace><fontSrc><string value="Arimo-Regular.keg"/></fontSrc></fontFace><fontFace><fontSrc><string value="Arimo-Bold.keg"/></fontSrc><fontWeight><fontWeight value="bold"/></fontWeight></fontFace><fontFace><fontSrc><string value="Arimo-Italic.keg"/></fontSrc><fontStyle><fontStyle value="italic"/></fontStyle></fontFace><fontFace><fontSrc><string value="Arimo-BoldItalic.keg"/></fontSrc><fontStyle><fontStyle value="italic"/></fontStyle><fontWeight><fontWeight value="bold"/></fontWeight></fontFace></array></fontFaces><name><string value="Arimo"/></name></fontFamily><fontFamily><fontFaces><array><fontFace><fontSrc><string value="Arsenal-BoldItalic.keg"/></fontSrc><fontStyle><fontStyle value="italic"/></fontStyle><fontWeight><fontWeight value="bold"/></fontWeight></fontFace><fontFace><fontSrc><string value="Arsenal-Regular.keg"/></fontSrc></fontFace><fontFace><fontSrc><string value="Arsenal-Bold.keg"/></fontSrc><fontWeight><fontWeight value="bold"/></fontWeight></fontFace><fontFace><fontSrc><string value="Arsenal-Italic.keg"/></fontSrc><fontStyle><fontStyle value="italic"/></fontStyle></fontFace></array></fontFaces><name><string value="Arsenal"/></name></fontFamily></array></fontFamilies><styleDeclarations><array><styleDeclaration><styleBlock><styleBlock><gradEndAlpha><double value="0.7"/></gradEndAlpha><gradStartAlpha><double value="0.5"/></gradStartAlpha></styleBlock></styleBlock><styleSelector><simpleSelector value="zCircle"/></styleSelector></styleDeclaration><styleDeclaration><styleBlock><styleBlock><color><color value="#221D0A"/></color><fillType><fillType value="linear"/></fillType><gradEndColor><color value="#221D0A"/></gradEndColor><gradStartColor><color value="#221D0A"/></gradStartColor></styleBlock></styleBlock><styleSelector><simpleSelector value="*.line1"/></styleSelector></styleDeclaration><styleDeclaration><styleBlock><styleBlock><color><color value="#617059"/></color><fillType><fillType value="linear"/></fillType><gradEndColor><color value="#617059"/></gradEndColor><gradStartColor><color value="#617059"/></gradStartColor></styleBlock></styleBlock><styleSelector><simpleSelector value="*.line2"/></styleSelector></styleDeclaration><styleDeclaration><styleBlock><styleBlock><color><color value="#F8C93D"/></color><fillType><fillType value="linear"/></fillType><gradEndColor><color value="#F8C93D"/></gradEndColor><gradStartColor><color value="#F8C93D"/></gradStartColor></styleBlock></styleBlock><styleSelector><simpleSelector value="*.line3"/></styleSelector></styleDeclaration><styleDeclaration><styleBlock><styleBlock><color><color value="#C2C23C"/></color><fillType><fillType value="linear"/></fillType><gradEndColor><color value="#C2C23C"/></gradEndColor><gradStartColor><color value="#C2C23C"/></gradStartColor></styleBlock></styleBlock><styleSelector><simpleSelector value="*.line4"/></styleSelector></styleDeclaration><styleDeclaration><styleBlock><styleBlock><color><color value="#FFFFFF"/></color><fillType><fillType value="linear"/></fillType><gradEndColor><color value="#FFFFFF"/></gradEndColor><gradStartColor><color value="#FFFFFF"/></gradStartColor></styleBlock></styleBlock><styleSelector><simpleSelector value="*.line5"/></styleSelector></styleDeclaration><styleDeclaration><styleBlock><styleBlock><color><color value="#A5BEC3"/></color><fillType><fillType value="linear"/></fillType><gradEndColor><color value="#221D0A"/></gradEndColor><gradStartColor><color value="#221D0A"/></gradStartColor></styleBlock></styleBlock><styleSelector><simpleSelector value="*.poly1"/></styleSelector></styleDeclaration><styleDeclaration><styleBlock><styleBlock><color><color value="#A5BEC3"/></color><fillType><fillType value="linear"/></fillType><gradEndColor><color value="#617059"/></gradEndColor><gradStartColor><color value="#617059"/></gradStartColor></styleBlock></styleBlock><styleSelector><simpleSelector value="*.poly2"/></styleSelector></styleDeclaration><styleDeclaration><styleBlock><styleBlock><color><color value="#A5BEC3"/></color><fillType><fillType value="linear"/></fillType><gradEndColor><color value="#F8C93D"/></gradEndColor><gradStartColor><color value="#F8C93D"/></gradStartColor></styleBlock></styleBlock><styleSelector><simpleSelector value="*.poly3"/></styleSelector></styleDeclaration><styleDeclaration><styleBlock><styleBlock><color><color value="#A5BEC3"/></color><fillType><fillType value="linear"/></fillType><gradEndColor><color value="#C2C23C"/></gradEndColor><gradStartColor><color value="#C2C23C"/></gradStartColor></styleBlock></styleBlock><styleSelector><simpleSelector value="*.poly4"/></styleSelector></styleDeclaration><styleDeclaration><styleBlock><styleBlock><color><color value="#A5BEC3"/></color><fillType><fillType value="linear"/></fillType><gradEndColor><color value="#FFFFFF"/></gradEndColor><gradStartColor><color value="#FFFFFF"/></gradStartColor></styleBlock></styleBlock><styleSelector><simpleSelector value="*.poly5"/></styleSelector></styleDeclaration><styleDeclaration><styleBlock><styleBlock><fillType><fillType value="linear"/></fillType><gradEndColor><color value="#979588"/></gradEndColor><gradStartColor><color value="#B3E8FF"/></gradStartColor></styleBlock></styleBlock><styleSelector><simpleSelector value="background"/></styleSelector></styleDeclaration><styleDeclaration><styleBlock><styleBlock><borderAlpha><double value="0"/></borderAlpha><borderThickness><double value="0"/></borderThickness><fillType><fillType value="linear"/></fillType><gradEndAlpha><double value="1"/></gradEndAlpha><gradEndColor><color value="#FFFFFF"/></gradEndColor><gradStartAlpha><double value="1"/></gradStartAlpha><gradStartColor><color value="#FFFFFF"/></gradStartColor><thickness><double value="10"/></thickness></styleBlock></styleBlock><styleSelector><simpleSelector value="zArrow"/></styleSelector></styleDeclaration><styleDeclaration><styleBlock><styleBlock><borderAlpha><double value="0"/></borderAlpha><borderThickness><double value="0"/></borderThickness><gradEndAlpha><double value="1"/></gradEndAlpha><gradStartAlpha><double value="1"/></gradStartAlpha><radius><double value="0"/></radius><thickness><double value="100"/></thickness></styleBlock></styleBlock><styleSelector><simpleSelector value="zCircle"/></styleSelector></styleDeclaration><styleDeclaration><styleBlock><styleBlock><color><color value="#FFFFFF"/></color></styleBlock></styleBlock><styleSelector><simpleSelector value="zPencil"/></styleSelector></styleDeclaration><styleDeclaration><styleBlock><styleBlock><borderAlpha><double value="0"/></borderAlpha><borderColor><color value="#6C665E"/></borderColor><borderThickness><double value="0"/></borderThickness><fillType><fillType value="linear"/></fillType><gradEndAlpha><double value="1"/></gradEndAlpha><gradEndColor><color value="#6C665E"/></gradEndColor><gradStartAlpha><double value="1"/></gradStartAlpha><gradStartColor><color value="#6C665E"/></gradStartColor><padding><double value="1.03"/></padding><thickness><double value="8"/></thickness></styleBlock></styleBlock><styleSelector><simpleSelector value="zBracketFrame"/></styleSelector></styleDeclaration><styleDeclaration><styleBlock><styleBlock><borderAlpha><double value="0"/></borderAlpha><borderThickness><double value="0"/></borderThickness><fillType><fillType value="linear"/></fillType><gradEndAlpha><double value="0.8"/></gradEndAlpha><gradEndColor><color value="#F8C93D"/></gradEndColor><gradStartAlpha><double value="0.8"/></gradStartAlpha><gradStartColor><color value="#F8C93D"/></gradStartColor><padding><double value="1.03"/></padding><thickness><double value="8"/></thickness></styleBlock></styleBlock><styleSelector><simpleSelector value="zCircleFrame"/></styleSelector></styleDeclaration><styleDeclaration><styleBlock><styleBlock><borderAlpha><double value="0"/></borderAlpha><borderColor><color value="#FFFFFF"/></borderColor><borderThickness><double value="0"/></borderThickness><fillType><fillType value="linear"/></fillType><gradEndAlpha><double value="0.7"/></gradEndAlpha><gradEndColor><color value="#FFFFFF"/></gradEndColor><gradStartAlpha><double value="0.7"/></gradStartAlpha><gradStartColor><color value="#FFFFFF"/></gradStartColor><padding><double value="1.03"/></padding><radius><double value="10"/></radius><thickness><double value="3"/></thickness></styleBlock></styleBlock><styleSelector><simpleSelector value="zRectangleFrame"/></styleSelector></styleDeclaration><styleDeclaration><styleBlock><styleBlock><padding><double value="1.2"/></padding></styleBlock></styleBlock><styleSelector><simpleSelector value="zText"/></styleSelector></styleDeclaration><styleDeclaration><styleBlock><styleBlock><color><color value="#141414"/></color><fontClass><string value="body"/></fontClass></styleBlock></styleBlock><styleSelector><simpleSelector value="zText.body"/></styleSelector></styleDeclaration><styleDeclaration><styleBlock><styleBlock><backgroundAlpha><double value="0.9"/></backgroundAlpha><backgroundColor><color value="#DDDDDD"/></backgroundColor><backgroundPadding><double value="6"/></backgroundPadding></styleBlock></styleBlock><styleSelector><simpleSelector value="zText.body-background"/></styleSelector></styleDeclaration><styleDeclaration><styleBlock><styleBlock><color><color value="#FFFFFF"/></color><fontClass><string value="head"/></fontClass></styleBlock></styleBlock><styleSelector><simpleSelector value="zText.title"/></styleSelector></styleDeclaration><styleDeclaration><styleBlock><styleBlock><backgroundAlpha><double value="0.7"/></backgroundAlpha><backgroundColor><color value="#F8C93D"/></backgroundColor><backgroundPadding><double value="6"/></backgroundPadding></styleBlock></styleBlock><styleSelector><simpleSelector value="zText.title-background"/></styleSelector></styleDeclaration><styleDeclaration><styleBlock><styleBlock><color><color value="#FF5650"/></color><fontClass><string value="strong"/></fontClass></styleBlock></styleBlock><styleSelector><simpleSelector value="zText.subtitle"/></styleSelector></styleDeclaration><styleDeclaration><styleBlock><styleBlock><backgroundAlpha><double value="0.8"/></backgroundAlpha><backgroundColor><color value="#FFFFFF"/></backgroundColor><backgroundPadding><double value="6"/></backgroundPadding></styleBlock></styleBlock><styleSelector><simpleSelector value="zText.subtitle-background"/></styleSelector></styleDeclaration><styleDeclaration><styleBlock><styleBlock><color><color value="#FFFFFF"/></color></styleBlock></styleBlock><styleSelector><simpleSelector value="zLine"/></styleSelector></styleDeclaration><styleDeclaration><styleBlock><styleBlock><alpha><double value="0.6"/></alpha><color><color value="#FE3601"/></color></styleBlock></styleBlock><styleSelector><simpleSelector value="zMarker"/></styleSelector></styleDeclaration><styleDeclaration><styleBlock><styleBlock><borderAlpha><double value="0"/></borderAlpha><borderThickness><double value="0"/></borderThickness><gradEndAlpha><double value="1"/></gradEndAlpha><gradStartAlpha><double value="1"/></gradStartAlpha><radius><double value="0"/></radius><thickness><double value="100"/></thickness></styleBlock></styleBlock><styleSelector><simpleSelector value="zTriangle"/></styleSelector></styleDeclaration><styleDeclaration><styleBlock><styleBlock><borderAlpha><double value="0"/></borderAlpha><borderThickness><double value="0"/></borderThickness><gradEndAlpha><double value="1"/></gradEndAlpha><gradStartAlpha><double value="1"/></gradStartAlpha><radius><double value="0"/></radius><thickness><double value="100"/></thickness></styleBlock></styleBlock><styleSelector><simpleSelector value="zSquare"/></styleSelector></styleDeclaration><styleDeclaration><styleBlock><styleBlock><color><color value="#FFEDD5"/></color><fillType><fillType value="linear"/></fillType><gradEndColor><color value="#221D0A"/></gradEndColor><gradStartColor><color value="#221D0A"/></gradStartColor></styleBlock></styleBlock><styleSelector><simpleSelector value="arrow-line.style1"/></styleSelector></styleDeclaration><styleDeclaration><styleBlock><styleBlock><color><color value="#FFEDD5"/></color><fillType><fillType value="linear"/></fillType><gradEndColor><color value="#617059"/></gradEndColor><gradStartColor><color value="#617059"/></gradStartColor></styleBlock></styleBlock><styleSelector><simpleSelector value="arrow-line.style2"/></styleSelector></styleDeclaration><styleDeclaration><styleBlock><styleBlock><color><color value="#FFEDD5"/></color><fillType><fillType value="linear"/></fillType><gradEndColor><color value="#F8C93D"/></gradEndColor><gradStartColor><color value="#F8C93D"/></gradStartColor></styleBlock></styleBlock><styleSelector><simpleSelector value="arrow-line.style3"/></styleSelector></styleDeclaration><styleDeclaration><styleBlock><styleBlock><color><color value="#FFEDD5"/></color><fillType><fillType value="linear"/></fillType><gradEndColor><color value="#C2C23C"/></gradEndColor><gradStartColor><color value="#C2C23C"/></gradStartColor></styleBlock></styleBlock><styleSelector><simpleSelector value="arrow-line.style4"/></styleSelector></styleDeclaration><styleDeclaration><styleBlock><styleBlock><color><color value="#FFEDD5"/></color><fillType><fillType value="linear"/></fillType><gradEndColor><color value="#9AA587"/></gradEndColor><gradStartColor><color value="#9AA587"/></gradStartColor></styleBlock></styleBlock><styleSelector><simpleSelector value="arrow-line.style5"/></styleSelector></styleDeclaration><styleDeclaration><styleBlock><styleBlock><thickness><double value="8"/></thickness></styleBlock></styleBlock><styleSelector><simpleSelector value="#2_24309637"/></styleSelector></styleDeclaration><styleDeclaration><styleBlock><styleBlock><borderColor><color value="#333333"/></borderColor></styleBlock></styleBlock><styleSelector><simpleSelector value="#3_24309637"/></styleSelector></styleDeclaration><styleDeclaration><styleBlock><styleBlock><color><color value="#000000"/></color><fillType><fillType value="linear"/></fillType><gradEndAlpha><double value="1"/></gradEndAlpha><gradEndColor><color value="#000000"/></gradEndColor><gradStartAlpha><double value="1"/></gradStartAlpha><gradStartColor><color value="#000000"/></gradStartColor><thickness><double value="8"/></thickness></styleBlock></styleBlock><styleSelector><simpleSelector value="#7_187972695"/></styleSelector></styleDeclaration></array></styleDeclarations></documentStyle></documentStyle><logo><logo><onlineAssetUrl><string value="http://0103.static.prezi.com.s3.amazonaws.com/media/4/0/0/4fb41303f1755622182f7671b0a3a012c3c13.png"/></onlineAssetUrl></logo></logo><path><array><flyToObject><actions><array><fadeInObject><target><ref value="9_24309637"/></target></fadeInObject><fadeInObject><target><ref value="15_24309637"/></target></fadeInObject></array></actions><target><ref value="4_24309637"/></target></flyToObject><flyToObject><actions><array><fadeInObject><target><ref value="9"/></target></fadeInObject><fadeInObject><target><ref value="11_24309637"/></target></fadeInObject></array></actions><target><ref value="12_187972695"/></target></flyToObject><flyToObject><actions><array><fadeInObject><target><ref value="13_187972695"/></target></fadeInObject></array></actions><target><ref value="8"/></target></flyToObject><flyToObject><actions><array><fadeInObject><target><ref value="1_233845833"/></target></fadeInObject></array></actions><target><ref value="5_233845833"/></target></flyToObject><flyToObject><actions><array><fadeInObject><target><ref value="12_24309637"/></target></fadeInObject><fadeInObject><target><ref value="14_24309637"/></target></fadeInObject><fadeInObject><target><ref value="0_187972695"/></target></fadeInObject></array></actions><target><ref value="14_187972695"/></target></flyToObject><flyToObject><actions><array><fadeInObject><target><ref value="18_24309637"/></target></fadeInObject><fadeInObject><target><ref value="20_24309637"/></target></fadeInObject><fadeInObject><target><ref value="2_187972695"/></target></fadeInObject></array></actions><target><ref value="15_187972695"/></target></flyToObject><flyToObject><actions><array><fadeInObject><target><ref value="25_24309637"/></target></fadeInObject><fadeInObject><target><ref value="27_24309637"/></target></fadeInObject><fadeInObject><target><ref value="3_187972695"/></target></fadeInObject><fadeInObject><target><ref value="4_187972695"/></target></fadeInObject></array></actions><target><ref value="17_187972695"/></target></flyToObject><flyToObject><actions><array><fadeInObject><target><ref value="38_233845833"/></target></fadeInObject></array></actions><target><ref value="5"/></target></flyToObject><flyToObject><actions><array><fadeInObject><target><ref value="5_187972695"/></target></fadeInObject></array></actions><target><ref value="17_187972695"/></target></flyToObject><flyToObject><actions><array><fadeInObject><target><ref value="11_187972695"/></target></fadeInObject></array></actions><target><ref value="18_187972695"/></target></flyToObject><flyToObject><target><ref value="1_187972695"/></target></flyToObject><flyToObject><actions><array><fadeInObject><target><ref value="54_187972695"/></target></fadeInObject><fadeInObject><target><ref value="55_187972695"/></target></fadeInObject><fadeInObject><target><ref value="53_187972695"/></target></fadeInObject><fadeInObject><target><ref value="51_187972695"/></target></fadeInObject><fadeInObject><target><ref value="52_187972695"/></target></fadeInObject><fadeInObject><target><ref value="63_187972695"/></target></fadeInObject></array></actions><target><ref value="0_233845833"/></target></flyToObject><flyToObject><target><ref value="54_187972695"/></target></flyToObject><flyToObject><target><ref value="55_187972695"/></target></flyToObject><flyToObject><target><ref value="53_187972695"/></target></flyToObject><flyToObject><target><ref value="51_187972695"/></target></flyToObject><flyToObject><target><ref value="52_187972695"/></target></flyToObject><flyToObject><target><ref value="63_187972695"/></target></flyToObject><flyToObject><actions><array><fadeInObject><target><ref value="12"/></target></fadeInObject><fadeInObject><target><ref value="15"/></target></fadeInObject></array></actions><target><ref value="28_187972695"/></target></flyToObject><flyToObject><actions><array><fadeInObject><target><ref value="30_187972695"/></target></fadeInObject></array></actions><target><ref value="29_187972695"/></target></flyToObject><flyToObject><target><ref value="11_24309637"/></target></flyToObject><flyToObject><actions><array><fadeInObject><target><ref value="11"/></target></fadeInObject></array></actions><target><ref value="8"/></target></flyToObject></array></path><zObjects><array><zGroup><children><array><ref value="6"/><ref value="7"/><ref value="4"/><ref value="2"/><ref value="0_30863873"/><ref value="1_30863873"/><ref value="3_30863873"/><ref value="4_30863873"/></array></children><id><string value="5_30863873"/></id><localToWorld><transform2D x="-2.9103830456733704E-11" y="0" scale="454.55616799757473" rotation="0"/></localToWorld></zGroup><zGroup><children><array><ref value="3_24309637"/><ref value="38_24309637"/><ref value="39_24309637"/><ref value="18"/><ref value="31_24309637"/></array></children><id><string value="30_187972695"/></id><localToWorld><transform2D x="-23413.62585873929" y="-25920.576985725093" scale="10.587539916240798" rotation="0"/></localToWorld></zGroup><zGroup><children><array><ref value="7_187972695"/><ref value="6_187972695"/></array></children><id><string value="13_187972695"/></id><localToWorld><transform2D x="897.909798198617" y="-7558.353596479508" scale="58.460217782750306" rotation="0"/></localToWorld></zGroup><zGroup><children><array><ref value="2_233845833"/><ref value="3_233845833"/><ref value="4_233845833"/><ref value="31_187972695"/><ref value="8_233845833"/></array></children><id><string value="54_187972695"/></id><localToWorld><transform2D x="-19402.600275929093" y="-19074.3598067923" scale="12.130332111618047" rotation="0"/></localToWorld></zGroup><zGroup><children><array><ref value="10_233845833"/><ref value="11_233845833"/><ref value="23_233845833"/><ref value="24_233845833"/><ref value="27_233845833"/></array></children><id><string value="55_187972695"/></id><localToWorld><transform2D x="-14050.10495321255" y="-20184.301074943345" scale="12.130332111618047" rotation="0"/></localToWorld></zGroup><zGroup><children><array><ref value="15_233845833"/><ref value="16_233845833"/><ref value="46_187972695"/><ref value="47_187972695"/><ref value="48_187972695"/></array></children><id><string value="51_187972695"/></id><localToWorld><transform2D x="-24869.705238113413" y="-21182.368725742417" scale="3.430985090338028" rotation="0"/></localToWorld></zGroup><zGroup><children><array><ref value="6_233845833"/><ref value="7_233845833"/><ref value="29_233845833"/><ref value="30_233845833"/><ref value="31_233845833"/></array></children><id><string value="53_187972695"/></id><localToWorld><transform2D x="-18080.211173283133" y="-21180.563594676252" scale="3.430985090338028" rotation="0"/></localToWorld></zGroup><zGroup><children><array><ref value="20_233845833"/><ref value="21_233845833"/><ref value="33_233845833"/><ref value="34_233845833"/><ref value="35_233845833"/></array></children><id><string value="52_187972695"/></id><localToWorld><transform2D x="-22361.58638823209" y="-21942.276294201547" scale="3.430985090338028" rotation="0"/></localToWorld></zGroup><zGroup><children><array><ref value="25_233845833"/><ref value="26_233845833"/><ref value="56_187972695"/><ref value="57_187972695"/><ref value="58_187972695"/></array></children><id><string value="63_187972695"/></id><localToWorld><transform2D x="-24288.545822519663" y="-22298.2914333781" scale="1.7993516574965045" rotation="0"/></localToWorld></zGroup><zGroup><children><array><ref value="1"/><ref value="36_233845833"/><ref value="37_233845833"/></array></children><id><string value="38_233845833"/></id><localToWorld><transform2D x="-28301.51567337429" y="-15698.923243314593" scale="2.460823409480279" rotation="0"/></localToWorld></zGroup><zGroup><children><array><ref value="21_187972695"/><ref value="22_187972695"/><ref value="39_233845833"/><ref value="40_233845833"/></array></children><id><string value="11_187972695"/></id><localToWorld><transform2D x="-23131.333667373416" y="-15633.713592195832" scale="4.592218768378286" rotation="0"/></localToWorld></zGroup><zImage><assetSourceFilename><string value="http://0103.static.prezi.com.s3.amazonaws.com/media/6/9/2/4666f7276cc5b1dc930dedb69b1acc604acbf.png"/></assetSourceFilename><height><double value="896"/></height><id><string value="6"/></id><isFlipped><bool value="true"/></isFlipped><localToWorld><transform2D x="-22894.397739472162" y="-20797.106970476572" scale="4.83800096509067" rotation="0"/></localToWorld><onlineAssetId><string value="1851873385"/></onlineAssetId><onlineAssetUrl><string value="http://0103.static.prezi.com.s3.amazonaws.com/media/6/9/2/4666f7276cc5b1dc930dedb69b1acc604acbf.png"/></onlineAssetUrl><width><double value="4000"/></width></zImage><zImage><assetSourceFilename><string value="http://0103.static.prezi.com.s3.amazonaws.com/media/6/9/2/4666f7276cc5b1dc930dedb69b1acc604acbf.png"/></assetSourceFilename><height><double value="896"/></height><id><string value="7"/></id><localToWorld><transform2D x="-18306.316562415028" y="-16715.348063341953" scale="9.843819499747424" rotation="0"/></localToWorld><onlineAssetId><string value="1851873385"/></onlineAssetId><onlineAssetUrl><string value="http://0103.static.prezi.com.s3.amazonaws.com/media/6/9/2/4666f7276cc5b1dc930dedb69b1acc604acbf.png"/></onlineAssetUrl><width><double value="4000"/></width></zImage><zImage><assetSourceFilename><string value="http://0103.static.prezi.com.s3.amazonaws.com/media/6/9/2/4666f7276cc5b1dc930dedb69b1acc604acbf.png"/></assetSourceFilename><height><double value="896"/></height><id><string value="4"/></id><isFlipped><bool value="true"/></isFlipped><localToWorld><transform2D x="-22071.225998749145" y="-6815.3943092205345" scale="23.72634347161624" rotation="0"/></localToWorld><onlineAssetId><string value="1851873385"/></onlineAssetId><onlineAssetUrl><string value="http://0103.static.prezi.com.s3.amazonaws.com/media/6/9/2/4666f7276cc5b1dc930dedb69b1acc604acbf.png"/></onlineAssetUrl><width><double value="4000"/></width></zImage><zImage><assetSourceFilename><string value="http://0103.static.prezi.com.s3.amazonaws.com/media/6/9/2/4666f7276cc5b1dc930dedb69b1acc604acbf.png"/></assetSourceFilename><height><double value="896"/></height><id><string value="2"/></id><localToWorld><transform2D x="-14654.214160286005" y="10572.131632760524" scale="43.46860204972958" rotation="0"/></localToWorld><onlineAssetId><string value="1851873385"/></onlineAssetId><onlineAssetUrl><string value="http://0103.static.prezi.com.s3.amazonaws.com/media/6/9/2/4666f7276cc5b1dc930dedb69b1acc604acbf.png"/></onlineAssetUrl><width><double value="4000"/></width></zImage><zSquare><height><double value="40"/></height><id><string value="0_30863873"/></id><localToWorld><transform2D x="-194082.65241274377" y="-134535.95072004327" scale="28.684510361674725" rotation="0"/></localToWorld><styleClasses><array><token value="poly3"/></array></styleClasses><width><double value="40"/></width></zSquare><zSquare><height><double value="40"/></height><id><string value="1_30863873"/></id><localToWorld><transform2D x="193531.9098137996" y="-134244.58078260478" scale="56.22164030888247" rotation="0"/></localToWorld><styleClasses><array><token value="poly3"/></array></styleClasses><width><double value="40"/></width></zSquare><zSquare><height><double value="40"/></height><id><string value="3_30863873"/></id><localToWorld><transform2D x="-193711.1821316041" y="134503.95344411067" scale="20.488935972624812" rotation="0"/></localToWorld><styleClasses><array><token value="poly3"/></array></styleClasses><width><double value="40"/></width></zSquare><zSquare><height><double value="40"/></height><id><string value="4_30863873"/></id><localToWorld><transform2D x="193903.38009493888" y="134795.32338154892" scale="28.684510361674725" rotation="0"/></localToWorld><styleClasses><array><token value="poly3"/></array></styleClasses><width><double value="40"/></width></zSquare><zInvisibleFrame><height><double value="600"/></height><id><string value="9_187972695"/></id><localToWorld><transform2D x="5230.306196474627" y="-6165.13541874164" scale="139.05533587901436" rotation="0"/></localToWorld><styleClasses><array><token value="invisible"/></array></styleClasses><width><double value="939.9141630901288"/></width></zInvisibleFrame><zInvisibleFrame><height><double value="600"/></height><id><string value="8"/></id><localToWorld><transform2D x="5227.76087472369" y="-6170.900146485086" scale="118.3622967504046" rotation="0"/></localToWorld><styleClasses><array><token value="invisible"/></array></styleClasses><width><double value="1064.8735675726869"/></width></zInvisibleFrame><zCircleFrame><height><double value="800"/></height><id><string value="3_24309637"/></id><localToWorld><transform2D x="-23434.967596107883" y="-25822.96960755488" scale="5.510051515293508" rotation="0"/></localToWorld><styleClasses><array><token value="circle"/></array></styleClasses><width><double value="800"/></width></zCircleFrame><zInvisibleFrame><height><double value="448.27082461986254"/></height><id><string value="12_187972695"/></id><localToWorld><transform2D x="83389.02906805369" y="-12856.983310034964" scale="35.41968556567535" rotation="0"/></localToWorld><styleClasses><array><token value="invisible"/></array></styleClasses><width><double value="681.4307291505352"/></width></zInvisibleFrame><zRectangleFrame><height><double value="800"/></height><id><string value="9"/></id><localToWorld><transform2D x="83278.9" y="-12932.2" scale="18.72381452503166" rotation="0"/></localToWorld><styleClasses><array><token value="roundrect"/></array></styleClasses><width><double value="1254.2644026256494"/></width></zRectangleFrame><zInvisibleFrame><height><double value="756.3912668913338"/></height><id><string value="0_233845833"/></id><localToWorld><transform2D x="-18765.11602181132" y="-22945.10413856019" scale="14.064855726876845" rotation="0"/></localToWorld><styleClasses><array><token value="invisible"/></array></styleClasses><width><double value="1355.6188231998608"/></width></zInvisibleFrame><zInvisibleFrame><height><double value="830.6077204809102"/></height><id><string value="29_187972695"/></id><localToWorld><transform2D x="-23409.954324345836" y="-25818.47810573646" scale="5.510018731502607" rotation="0"/></localToWorld><styleClasses><array><token value="invisible"/></array></styleClasses><width><double value="814.4198696680781"/></width></zInvisibleFrame><zImage><assetSourceFilename><string value="http://0103.static.prezi.com.s3.amazonaws.com/media/0/4/7/e5ca1cf75a07c1363dccc034f50315043566c.png"/></assetSourceFilename><height><double value="1813"/></height><id><string value="38_24309637"/></id><localToWorld><transform2D x="-22579.60857445568" y="-26093.26063415454" scale="0.9928586290789896" rotation="0"/></localToWorld><onlineAssetId><string value="1855942261"/></onlineAssetId><onlineAssetUrl><string value="http://0103.static.prezi.com.s3.amazonaws.com/media/0/4/7/e5ca1cf75a07c1363dccc034f50315043566c.png"/></onlineAssetUrl><width><double value="1273"/></width></zImage><zImage><assetSourceFilename><string value="http://0103.static.prezi.com.s3.amazonaws.com/media/f/8/2/aded6e56854fe294899827a8a6e77316a89cb.png"/></assetSourceFilename><height><double value="1813"/></height><id><string value="39_24309637"/></id><localToWorld><transform2D x="-23649.233058753995" y="-24475.123217969256" scale="0.6755458680514459" rotation="0"/></localToWorld><onlineAssetId><string value="1855942564"/></onlineAssetId><onlineAssetUrl><string value="http://0103.static.prezi.com.s3.amazonaws.com/media/f/8/2/aded6e56854fe294899827a8a6e77316a89cb.png"/></onlineAssetUrl><width><double value="1273"/></width></zImage><zImage><assetSourceFilename><string value="sign3.png"/></assetSourceFilename><height><double value="2123"/></height><id><string value="1_24309637"/></id><localToWorld><transform2D x="32180.750549049757" y="452.4060517771206" scale="25.377030878929297" rotation="0"/></localToWorld><onlineAssetId><string value="1874493880"/></onlineAssetId><onlineAssetUrl><string value="http://0103.static.prezi.com.s3.amazonaws.com/media/2/6/2/804d90bef310293f8b4e6041dd1231980c25f.png"/></onlineAssetUrl><width><double value="1920"/></width></zImage><zText><id><string value="10_24309637"/></id><localToWorld><transform2D x="83326.10550322526" y="-18122.73835140209" scale="59.01766089979141" rotation="0"/></localToWorld><styleClasses><array><token value="subtitle"/></array></styleClasses><text><text><width>355.03722582655143</width><p align="center"><span><![CDATA[Index]]></span></p></text></text></zText><zText><id><string value="11_24309637"/></id><localToWorld><transform2D x="83254.96941442466" y="-12954.223235299454" scale="34.05289245918413" rotation="0"/></localToWorld><styleClasses><array><token value="body"/></array></styleClasses><text><text><width>603.8413254010717</width><p indent="1" listType="bullet"><span><![CDATA[Introduction]]></span></p><p indent="1" listType="bullet"><span><![CDATA[Actual situation]]></span></p><p indent="1" listType="bullet"><span><![CDATA[Data]]></span></p><p indent="1" listType="bullet"><span><![CDATA[Results]]></span></p><p indent="1" listType="bullet"><span><![CDATA[Conclusions]]></span></p><p indent="1" listType="bullet"><span><![CDATA[Outlook]]></span></p></text></text></zText><zInvisibleFrame><height><double value="1384.298192170892"/></height><id><string value="14_187972695"/></id><localToWorld><transform2D x="-14113.18497148458" y="4286.655518899018" scale="11.510515307152865" rotation="0"/></localToWorld><styleClasses><array><token value="invisible"/></array></styleClasses><width><double value="2157.833661405228"/></width></zInvisibleFrame><zRectangleFrame><height><double value="800"/></height><id><string value="12_24309637"/></id><localToWorld><transform2D x="-14102.728107664228" y="4276.683697069619" scale="19.516331903762556" rotation="0"/></localToWorld><styleClasses><array><token value="roundrect"/></array></styleClasses><width><double value="1254.2644026256494"/></width></zRectangleFrame><zImage><assetSourceFilename><string value="http://0103.static.prezi.com.s3.amazonaws.com/media/6/4/8/1c57be4b1b81994c72fb40dc67cd154ef89ab.png"/></assetSourceFilename><height><double value="1417"/></height><id><string value="8_187972695"/></id><localToWorld><transform2D x="-48704.23491947762" y="-2730.4037782389255" scale="34.08158486024268" rotation="0"/></localToWorld><mask><rectangle x="355" y="0" w="1178" h="1417"/></mask><onlineAssetId><string value="4693636236"/></onlineAssetId><onlineAssetUrl><string value="http://0103.static.prezi.com.s3.amazonaws.com/media/6/4/8/1c57be4b1b81994c72fb40dc67cd154ef89ab.png"/></onlineAssetUrl><width><double value="1890"/></width></zImage><zText><id><string value="13_24309637"/></id><localToWorld><transform2D x="-14053.524551017306" y="-1081.2647098372654" scale="61.515684037790486" rotation="0"/></localToWorld><styleClasses><array><token value="subtitle"/></array></styleClasses><text><text><width>355.03722582655143</width><p align="center"><span><![CDATA[Introduction]]></span></p></text></text></zText><zImage><assetSourceFilename><string value="Gotthard_pass.jpg"/></assetSourceFilename><height><double value="420"/></height><id><string value="0_187972695"/></id><localToWorld><transform2D x="-9372.656851318185" y="5980.164519153242" scale="12.608508562433142" rotation="0"/></localToWorld><onlineAssetId><string value="4683320218"/></onlineAssetId><onlineAssetUrl><string value="http://0103.static.prezi.com.s3.amazonaws.com/media/0/2/2/147483a93d8e5bf2983dab1de741e3ddf0dc2.jpg"/></onlineAssetUrl><width><double value="996"/></width></zImage><zText><id><string value="14_24309637"/></id><localToWorld><transform2D x="-13875.252091743914" y="4735.223038398071" scale="35.494239201530796" rotation="0"/></localToWorld><styleClasses><array><token value="body"/></array></styleClasses><text><text><width>603.8413254010717</width><p indent="1" listType="bullet"><span><![CDATA[Vehicle transit on Gotthard pass]]></span></p><p/><p indent="1" listType="bullet"><span><![CDATA[Tessin]]></span></p><p/><p indent="1" listType="bullet"><span><![CDATA[Current issue]]></span></p><p/><p/></text></text></zText><zInvisibleFrame><height><double value="726.4990233767728"/></height><id><string value="15_187972695"/></id><localToWorld><transform2D x="-24718.701722238675" y="-10962.372332393052" scale="5.590358071615951" rotation="0"/></localToWorld><styleClasses><array><token value="invisible"/></array></styleClasses><width><double value="1112.6578194192632"/></width></zInvisibleFrame><zRectangleFrame><height><double value="800"/></height><id><string value="18_24309637"/></id><localToWorld><transform2D x="-24706.147361889816" y="-10976.654327997285" scale="4.873962548165256" rotation="0"/></localToWorld><styleClasses><array><token value="roundrect"/></array></styleClasses><width><double value="1254.2644026256494"/></width></zRectangleFrame><zImage><assetSourceFilename><string value="http://0103.static.prezi.com.s3.amazonaws.com/media/5/d/4/b7a414a04275f74a28801a6b2e3ac355597db.png"/></assetSourceFilename><height><double value="121"/></height><id><string value="2_187972695"/></id><localToWorld><transform2D x="-24717.834175073087" y="-10121.30712114873" scale="4.9993109134585865" rotation="0"/></localToWorld><mask><rectangle x="9" y="0" w="1221" h="121"/></mask><onlineAssetId><string value="4693950281"/></onlineAssetId><onlineAssetUrl><string value="http://0103.static.prezi.com.s3.amazonaws.com/media/5/d/4/b7a414a04275f74a28801a6b2e3ac355597db.png"/></onlineAssetUrl><width><double value="1240"/></width></zImage><zText><id><string value="19_24309637"/></id><localToWorld><transform2D x="-24718.435341696462" y="-12328.63729666367" scale="15.36278136708439" rotation="0"/></localToWorld><styleClasses><array><token value="subtitle"/></array></styleClasses><text><text><width>355.03722582655143</width><p align="center"><span><![CDATA[Actual situation]]></span></p></text></text></zText><zText><id><string value="20_24309637"/></id><localToWorld><transform2D x="-24700.060260781866" y="-11112.299738464637" scale="8.864247308200767" rotation="0"/></localToWorld><styleClasses><array><token value="body"/></array></styleClasses><text><text><width>603.8413254010717</width><p indent="1" listType="bullet"><span><![CDATA[Moving roadwork ]]></span></p><p/><p indent="1" listType="bullet"><span><![CDATA[Traffic issues ]]></span></p><p/><p/></text></text></zText><zInvisibleFrame><height><double value="174.07922207896772"/></height><id><string value="1_187972695"/></id><localToWorld><transform2D x="-25623.379366672423" y="-15642.408681840045" scale="9.460379176227832" rotation="0"/></localToWorld><styleClasses><array><token value="invisible"/></array></styleClasses><width><double value="800"/></width></zInvisibleFrame><zRectangleFrame><height><double value="800"/></height><id><string value="25_24309637"/></id><localToWorld><transform2D x="-26000.731861297147" y="-15644.68482890226" scale="1.7762254184275723" rotation="0"/></localToWorld><styleClasses><array><token value="roundrect"/></array></styleClasses><width><double value="1254.2644026256494"/></width></zRectangleFrame><zText><id><string value="26_24309637"/></id><localToWorld><transform2D x="-25996.253734545455" y="-16132.32380726664" scale="5.5986812562260955" rotation="0"/></localToWorld><styleClasses><array><token value="subtitle"/></array></styleClasses><text><text><width>355.03722582655143</width><p align="center"><span><![CDATA[Datasets]]></span></p></text></text></zText><zText><id><string value="27_24309637"/></id><localToWorld><transform2D x="-26599.60707227839" y="-15694.11828752736" scale="3.2304108266037828" rotation="0"/></localToWorld><styleClasses><array><token value="body"/></array></styleClasses><text><text><width>234.4413254010717</width><p indent="1" listType="bullet"><span><![CDATA[Astra and Swarco]]></span></p><p indent="2"><span><![CDATA[-Reliable]]></span></p><p indent="2"><span><![CDATA[-Official]]></span></p><p/><p/></text></text></zText><zText><id><string value="18"/></id><localToWorld><transform2D x="-23413.62585873929" y="-25793.93906760722" scale="47.06117860448329" rotation="0"/></localToWorld><styleClasses><array><token value="title"/></array></styleClasses><text><text><width>103.01197126888044</width><p align="center"><span><![CDATA[Outlook]]></span></p></text></text></zText><zLine><id><string value="2_24309637"/></id><localToWorld><transform2D x="32164.97811960231" y="-11862.631087000897" scale="102.06282017117135" rotation="-5.849829909158439E-17"/></localToWorld><startEndDistance><double value="468.0350326834954"/></startEndDistance><styleClasses><array><token value="line5"/></array></styleClasses></zLine><zImage><assetSourceFilename><string value="http://0103.static.prezi.com.s3.amazonaws.com/media/b/f/7/ee32ed28b452de19426cd728dc4b71003beeb.png"/></assetSourceFilename><height><double value="1813"/></height><id><string value="31_24309637"/></id><localToWorld><transform2D x="-24251.77390774166" y="-26916.39494215969" scale="1.4404964455080085" rotation="0"/></localToWorld><onlineAssetId><string value="1855941910"/></onlineAssetId><onlineAssetUrl><string value="http://0103.static.prezi.com.s3.amazonaws.com/media/b/f/7/ee32ed28b452de19426cd728dc4b71003beeb.png"/></onlineAssetUrl><width><double value="1273"/></width></zImage><zText><id><string value="9_24309637"/></id><localToWorld><transform2D x="32143.53056689211" y="-18707.57586860148" scale="235.59907447323485" rotation="0"/></localToWorld><styleClasses><array><token value="title"/></array></styleClasses><text><text><width>262.2172676112337</width><p align="center"><span><![CDATA[Project Gotthard]]></span></p></text></text></zText><zText><id><string value="15_24309637"/></id><localToWorld><transform2D x="32108.65" y="-5670" scale="121.20864181111088" rotation="0"/></localToWorld><styleClasses><array><token value="title"/></array></styleClasses><text><text><width>381.36516498367905</width><p align="center"><span><![CDATA[Enea Masina, Oliver Moral, Davide Bernardoni, Sara Pensotti]]></span></p></text></text></zText><zInvisibleFrame><height><double value="600"/></height><id><string value="4_24309637"/></id><localToWorld><transform2D x="32110.749319387774" y="-12859.400041621386" scale="45.31871515689517" rotation="0"/></localToWorld><styleClasses><array><token value="invisible"/></array></styleClasses><width><double value="1063.7757472510452"/></width></zInvisibleFrame><zInvisibleFrame><height><double value="700.5118998862121"/></height><id><string value="5"/></id><localToWorld><transform2D x="-28301.01984493948" y="-15645.067870781437" scale="2.0944445447841717" rotation="0"/></localToWorld><styleClasses><array><token value="invisible"/></array></styleClasses><width><double value="984.2867849613394"/></width></zInvisibleFrame><zImage><assetSourceFilename><string value="http://0103.static.prezi.com.s3.amazonaws.com/media/2/e/5/e4b48dcb501c3b89199b34e75a4d736c80360.png"/></assetSourceFilename><height><double value="1100"/></height><id><string value="1"/></id><localToWorld><transform2D x="-28301.51567337429" y="-15645.671470081284" scale="1.119231012227181" rotation="0"/></localToWorld><onlineAssetId><string value="4693597785"/></onlineAssetId><onlineAssetUrl><string value="http://0103.static.prezi.com.s3.amazonaws.com/media/2/e/5/e4b48dcb501c3b89199b34e75a4d736c80360.png"/></onlineAssetUrl><width><double value="1860"/></width></zImage><zText><id><string value="11"/></id><localToWorld><transform2D x="32032.233534020594" y="-32720.673263137414" scale="372.7271389525928" rotation="0"/></localToWorld><styleClasses><array><token value="subtitle"/></array></styleClasses><text><text><width>-113.75999999999999</width><p><span><![CDATA[Thank you!]]></span></p></text></text></zText><zInvisibleFrame><height><double value="507.0657516811043"/></height><id><string value="28_187972695"/></id><localToWorld><transform2D x="-23430.173410774587" y="-22900.738449238062" scale="0.6662003101418027" rotation="0"/></localToWorld><styleClasses><array><token value="invisible"/></array></styleClasses><width><double value="786.0618886346826"/></width></zInvisibleFrame><zRectangleFrame><height><double value="800"/></height><id><string value="12"/></id><localToWorld><transform2D x="-23431.5" y="-22900.35" scale="0.40829689890116216" rotation="0"/></localToWorld><styleClasses><array><token value="roundrect"/></array></styleClasses><width><double value="1254.2644026256494"/></width></zRectangleFrame><zImage><assetSourceFilename><string value="Screen Shot 2016-12-18 at 10.24.47.png"/></assetSourceFilename><height><double value="154"/></height><id><string value="0_235675359"/></id><localToWorld><transform2D x="-23431.55" y="-22814.05" scale="0.2440569709347008" rotation="0"/></localToWorld><onlineAssetId><string value="4694164490"/></onlineAssetId><onlineAssetUrl><string value="http://0103.static.prezi.com.s3.amazonaws.com/media/d/5/d/c429a8c51c1aa23d69d8af6d8a883395e911d.png"/></onlineAssetUrl><width><double value="1800"/></width></zImage><zText><id><string value="13"/></id><localToWorld><transform2D x="-23432.529376815928" y="-23012.442463368636" scale="1.2869561324467609" rotation="0"/></localToWorld><styleClasses><array><token value="subtitle"/></array></styleClasses><text><text><width>355.03722582655143</width><p align="center"><span><![CDATA[Conclusions]]></span></p></text></text></zText><zText><id><string value="15"/></id><localToWorld><transform2D x="-23471.188326057185" y="-22895.85876097394" scale="1.0503406880012005" rotation="0"/></localToWorld><styleClasses><array><token value="body"/></array></styleClasses><text><text><width>325.5234375</width><p indent="1" listType="bullet"><span><![CDATA[Optimal green phase found]]></span></p><p indent="1" listType="bullet"><span><![CDATA[Match with actual situation]]></span></p><p/><p/><p/><p/></text></text></zText><zText><id><string value="3_187972695"/></id><localToWorld><transform2D x="-26652.856906639383" y="-15363.855220206577" scale="3.2304108266037828" rotation="0"/></localToWorld><styleClasses><array><token value="body"/></array></styleClasses><text><text><width>-201.45703125</width><p indent="1" listType="bullet"><span><![CDATA[2012-2015]]></span></p><p indent="1" listType="bullet"><span><![CDATA[880.000 entries]]></span></p></text></text></zText><zText><id><string value="4_187972695"/></id><localToWorld><transform2D x="-25476.345906771978" y="-15783.711590338402" scale="3.2304108266037828" rotation="0"/></localToWorld><styleClasses><array><token value="body"/></array></styleClasses><text><text><width>-230.7890625</width><p indent="1" listType="bullet"><span><![CDATA[Vehicle categories]]></span></p><p indent="1" listType="bullet"><span><![CDATA[Directions]]></span></p><p indent="1" listType="bullet"><span><![CDATA[Vehicles per hour]]></span></p></text></text></zText><zText><id><string value="5_187972695"/></id><localToWorld><transform2D x="-25385.849628294058" y="-15363.880173970238" scale="3.2304108266037828" rotation="0"/></localToWorld><styleClasses><array><token value="body"/></array></styleClasses><text><text><width>286.72265625</width><p indent="1" listType="bullet"><span><![CDATA[Maximum stress possible]]></span></p></text></text></zText><zLine><id><string value="7_187972695"/></id><localToWorld><transform2D x="757.6039582943731" y="-2622.873563670637" scale="73.26229158813128" rotation="1.5707963267948966"/></localToWorld><startEndDistance><double value="116.4619412369695"/></startEndDistance><styleClasses><array><token value="line3"/></array></styleClasses></zLine><zImage><assetSourceFilename><string value="Road_work.png"/></assetSourceFilename><height><double value="800"/></height><id><string value="6_187972695"/></id><localToWorld><transform2D x="897.9097981986172" y="-11486.868443824846" scale="13.918857092061764" rotation="0"/></localToWorld><onlineAssetId><string value="4683327317"/></onlineAssetId><onlineAssetUrl><string value="http://0103.static.prezi.com.s3.amazonaws.com/media/5/3/2/db0faabc2fed94f52ffedafdabf768abab3c9.png"/></onlineAssetUrl><width><double value="800"/></width></zImage><zInvisibleFrame><height><double value="1216.5310931425556"/></height><id><string value="17_187972695"/></id><localToWorld><transform2D x="-26002.26348893676" y="-15650.829093489108" scale="1.205161654610557" rotation="0"/></localToWorld><styleClasses><array><token value="invisible"/></array></styleClasses><width><double value="1877.021861603525"/></width></zInvisibleFrame><zInvisibleFrame><height><double value="1476.263458503551"/></height><id><string value="18_187972695"/></id><localToWorld><transform2D x="-23137.1834169464" y="-15640.038362877647" scale="1.1401652343444828" rotation="0"/></localToWorld><styleClasses><array><token value="invisible"/></array></styleClasses><width><double value="2282.804518725111"/></width></zInvisibleFrame><zImage><assetSourceFilename><string value="http://0103.static.prezi.com.s3.amazonaws.com/media/6/0/1/d57c6701109ce40729a525fe1fb63c3af2007.png"/></assetSourceFilename><height><double value="1066"/></height><id><string value="21_187972695"/></id><localToWorld><transform2D x="-23677.844918631985" y="-16047.516795572006" scale="0.7709716099819892" rotation="0"/></localToWorld><onlineAssetId><string value="4693598736"/></onlineAssetId><onlineAssetUrl><string value="http://0103.static.prezi.com.s3.amazonaws.com/media/6/0/1/d57c6701109ce40729a525fe1fb63c3af2007.png"/></onlineAssetUrl><width><double value="1872"/></width></zImage><zImage><assetSourceFilename><string value="http://0103.static.prezi.com.s3.amazonaws.com/media/6/6/b/6f2de8f0c40558f6bbc9a8d660c1ed703dac9.png"/></assetSourceFilename><height><double value="1040"/></height><id><string value="22_187972695"/></id><localToWorld><transform2D x="-22594.19453098499" y="-15219.03732301092" scale="0.7885669275224282" rotation="0"/></localToWorld><onlineAssetId><string value="4693599927"/></onlineAssetId><onlineAssetUrl><string value="http://0103.static.prezi.com.s3.amazonaws.com/media/6/6/b/6f2de8f0c40558f6bbc9a8d660c1ed703dac9.png"/></onlineAssetUrl><width><double value="1854"/></width></zImage><zImage><assetSourceFilename><string value="travel_time_30:40.jpg"/></assetSourceFilename><height><double value="395"/></height><id><string value="2_233845833"/></id><localToWorld><transform2D x="-17915.290285847936" y="-18831.25940750551" scale="4.287356596435835" rotation="0"/></localToWorld><onlineAssetId><string value="4693607995"/></onlineAssetId><onlineAssetUrl><string value="http://0103.static.prezi.com.s3.amazonaws.com/media/a/5/8/87be8613c3ebd5e4d1b8418e86a102cc5bc70.jpg"/></onlineAssetUrl><width><double value="631"/></width></zImage><zImage><assetSourceFilename><string value="ideal_timing.jpg"/></assetSourceFilename><height><double value="397"/></height><id><string value="3_233845833"/></id><localToWorld><transform2D x="-20889.910266010254" y="-18831.25940750551" scale="4.328515219761617" rotation="0"/></localToWorld><onlineAssetId><string value="4693607997"/></onlineAssetId><onlineAssetUrl><string value="http://0103.static.prezi.com.s3.amazonaws.com/media/d/8/8/525f89bdced26510e8ad72f23137b125e9e3d.jpg"/></onlineAssetUrl><width><double value="625"/></width></zImage><zImage><assetSourceFilename><string value="longtraveltimes.jpg"/></assetSourceFilename><height><double value="395"/></height><id><string value="6_233845833"/></id><localToWorld><transform2D x="-17294.218091728522" y="-21047.257244610137" scale="2.23456149383254" rotation="0"/></localToWorld><onlineAssetId><string value="4693608718"/></onlineAssetId><onlineAssetUrl><string value="http://0103.static.prezi.com.s3.amazonaws.com/media/4/5/e/e5edee25276c08be7788691216d4680eaa683.jpg"/></onlineAssetUrl><width><double value="642"/></width></zImage><zImage><assetSourceFilename><string value="longbase_300400.jpg"/></assetSourceFilename><height><double value="398"/></height><id><string value="7_233845833"/></id><localToWorld><transform2D x="-18866.204254837747" y="-21047.235311322533" scale="2.2953415664647867" rotation="0"/></localToWorld><onlineAssetId><string value="4693608719"/></onlineAssetId><onlineAssetUrl><string value="http://0103.static.prezi.com.s3.amazonaws.com/media/3/9/4/165eaaabfe9fd5d8beb2dad192bea73d7e427.jpg"/></onlineAssetUrl><width><double value="625"/></width></zImage><zImage><assetSourceFilename><string value="traveltimes_2:3.jpg"/></assetSourceFilename><height><double value="397"/></height><id><string value="10_233845833"/></id><localToWorld><transform2D x="-12980.519585564907" y="-20003.745987791022" scale="3.215568088319377" rotation="0"/></localToWorld><onlineAssetId><string value="4693609169"/></onlineAssetId><onlineAssetUrl><string value="http://0103.static.prezi.com.s3.amazonaws.com/media/e/9/1/13139f2b7e0506f31d8136f30a9ec83b38bd8.jpg"/></onlineAssetUrl><width><double value="615"/></width></zImage><zImage><assetSourceFilename><string value="shortbase2_3.jpg"/></assetSourceFilename><height><double value="396"/></height><id><string value="11_233845833"/></id><localToWorld><transform2D x="-15119.690320860194" y="-20003.82766793277" scale="3.215568088319377" rotation="0"/></localToWorld><onlineAssetId><string value="4693609179"/></onlineAssetId><onlineAssetUrl><string value="http://0103.static.prezi.com.s3.amazonaws.com/media/5/1/8/b29742613bbc54f06c4c14e0a79889966e2bb.jpg"/></onlineAssetUrl><width><double value="615"/></width></zImage><zImage><assetSourceFilename><string value="fluxlongreal.jpg"/></assetSourceFilename><height><double value="420"/></height><id><string value="15_233845833"/></id><localToWorld><transform2D x="-25497.51808742346" y="-21070.04600415681" scale="1.6011421937495554" rotation="0"/></localToWorld><onlineAssetId><string value="4693611984"/></onlineAssetId><onlineAssetUrl><string value="http://0103.static.prezi.com.s3.amazonaws.com/media/4/f/4/65ec0b649ebf072dda8ef469d5bf5739a0f20.jpg"/></onlineAssetUrl><width><double value="717"/></width></zImage><zImage><assetSourceFilename><string value="traveltimeslongreal.jpg"/></assetSourceFilename><height><double value="420"/></height><id><string value="16_233845833"/></id><localToWorld><transform2D x="-24254.346330070468" y="-21070.04600415681" scale="1.6336028348922562" rotation="0"/></localToWorld><onlineAssetId><string value="4693611991"/></onlineAssetId><onlineAssetUrl><string value="http://0103.static.prezi.com.s3.amazonaws.com/media/1/8/5/658f78cd9854af539552e5ee0e967e31bf9ee.jpg"/></onlineAssetUrl><width><double value="718"/></width></zImage><zImage><assetSourceFilename><string value="fluxshortreal.jpg"/></assetSourceFilename><height><double value="420"/></height><id><string value="20_233845833"/></id><localToWorld><transform2D x="-22867.74424381393" y="-21853.0318429207" scale="1.3696078311261128" rotation="0"/></localToWorld><onlineAssetId><string value="4693612714"/></onlineAssetId><onlineAssetUrl><string value="http://0103.static.prezi.com.s3.amazonaws.com/media/7/6/4/97bad0d64cde81e9d6423d228e1a12e2bce04.jpg"/></onlineAssetUrl><width><double value="717"/></width></zImage><zImage><assetSourceFilename><string value="traveltimesshortreal.jpg"/></assetSourceFilename><height><double value="420"/></height><id><string value="21_233845833"/></id><localToWorld><transform2D x="-21830.07972309037" y="-21853.440243629386" scale="1.2988998546689987" rotation="0"/></localToWorld><onlineAssetId><string value="4693612716"/></onlineAssetId><onlineAssetUrl><string value="http://0103.static.prezi.com.s3.amazonaws.com/media/f/1/3/7626489749ec3d432a5aa651808b8d500b3cb.jpg"/></onlineAssetUrl><width><double value="717"/></width></zImage><zImage><assetSourceFilename><string value="http://0103.static.prezi.com.s3.amazonaws.com/media/0/4/1/f1a77224d89068314e3c5a6b9ea432d14b00c.png"/></assetSourceFilename><height><double value="453"/></height><id><string value="25_233845833"/></id><localToWorld><transform2D x="-24027.362005324656" y="-22256.455925473132" scale="0.8652614873360507" rotation="0"/></localToWorld><onlineAssetId><string value="4693948143"/></onlineAssetId><onlineAssetUrl><string value="http://0103.static.prezi.com.s3.amazonaws.com/media/0/4/1/f1a77224d89068314e3c5a6b9ea432d14b00c.png"/></onlineAssetUrl><width><double value="775"/></width></zImage><zImage><assetSourceFilename><string value="3.png"/></assetSourceFilename><height><double value="587"/></height><id><string value="26_233845833"/></id><localToWorld><transform2D x="-24646.574370728104" y="-22296.146611885222" scale="0.8067245644398263" rotation="0"/></localToWorld><onlineAssetId><string value="4693613315"/></onlineAssetId><onlineAssetUrl><string value="http://0103.static.prezi.com.s3.amazonaws.com/media/e/1/9/ceb32da3d4d650755a58e595a9326a94621cc.png"/></onlineAssetUrl><width><double value="594"/></width></zImage><zInvisibleFrame><height><double value="190.1799090810511"/></height><id><string value="5_233845833"/></id><localToWorld><transform2D x="-46263.6322841486" y="-7333.40648611484" scale="18.499579282506776" rotation="0"/></localToWorld><styleClasses><array><token value="invisible"/></array></styleClasses><width><double value="800"/></width></zInvisibleFrame><zText><id><string value="1_233845833"/></id><localToWorld><transform2D x="-45945.65149233682" y="-7475.774973175697" scale="40.79034371043402" rotation="0"/></localToWorld><styleClasses><array><token value="subtitle"/></array></styleClasses><text><text><width>338.8000000000001</width><p align="center"><span><![CDATA[How does changing the green traffic light phase improve waiting times?]]></span></p></text></text></zText><zImage><assetSourceFilename><string value="http://0103.static.prezi.com.s3.amazonaws.com/media/4/4/2/03a158699bbe5c183054417d90fc0c2f3fdd2.jpg"/></assetSourceFilename><height><double value="121"/></height><id><string value="4_233845833"/></id><localToWorld><transform2D x="-19352.516973273847" y="-19944.461226451833" scale="3.3856269101192566" rotation="0"/></localToWorld><mask><rectangle x="19" y="0" w="1221" h="121"/></mask><onlineAssetId><string value="4693953207"/></onlineAssetId><onlineAssetUrl><string value="http://0103.static.prezi.com.s3.amazonaws.com/media/4/4/2/03a158699bbe5c183054417d90fc0c2f3fdd2.jpg"/></onlineAssetUrl><width><double value="1240"/></width></zImage><zText><id><string value="31_187972695"/></id><localToWorld><transform2D x="-20170.175882556345" y="-20071.342911045485" scale="7.633080519747843" rotation="0"/></localToWorld><styleClasses><array><token value="body"/></array></styleClasses><text><text><width>64.65847347362514</width><p><span><![CDATA[30 s ]]></span></p></text></text></zText><zText><id><string value="8_233845833"/></id><localToWorld><transform2D x="-18569.163424220176" y="-20070.93451033675" scale="7.633080519747843" rotation="0"/></localToWorld><styleClasses><array><token value="body"/></array></styleClasses><text><text><width>64.65847347362514</width><p><span><![CDATA[40 s ]]></span></p></text></text></zText><zImage><assetSourceFilename><string value="http://0103.static.prezi.com.s3.amazonaws.com/media/4/4/2/03a158699bbe5c183054417d90fc0c2f3fdd2.jpg"/></assetSourceFilename><height><double value="121"/></height><id><string value="23_233845833"/></id><localToWorld><transform2D x="-14058.377596373946" y="-20834.850647011965" scale="2.45376410229091" rotation="0"/></localToWorld><mask><rectangle x="9" y="0" w="1221" h="121"/></mask><onlineAssetId><string value="4693953207"/></onlineAssetId><onlineAssetUrl><string value="http://0103.static.prezi.com.s3.amazonaws.com/media/4/4/2/03a158699bbe5c183054417d90fc0c2f3fdd2.jpg"/></onlineAssetUrl><width><double value="1240"/></width></zImage><zText><id><string value="24_233845833"/></id><localToWorld><transform2D x="-14626.445736430753" y="-20926.80930966422" scale="5.532144996033705" rotation="0"/></localToWorld><styleClasses><array><token value="body"/></array></styleClasses><text><text><width>64.65847347362514</width><p><span><![CDATA[  2 s ]]></span></p></text></text></zText><zText><id><string value="27_233845833"/></id><localToWorld><transform2D x="-13466.097298200928" y="-20926.51331751119" scale="5.532144996033705" rotation="0"/></localToWorld><styleClasses><array><token value="body"/></array></styleClasses><text><text><width>64.65847347362514</width><p><span><![CDATA[  3 s ]]></span></p></text></text></zText><zImage><assetSourceFilename><string value="http://0103.static.prezi.com.s3.amazonaws.com/media/4/4/2/03a158699bbe5c183054417d90fc0c2f3fdd2.jpg"/></assetSourceFilename><height><double value="121"/></height><id><string value="46_187972695"/></id><localToWorld><transform2D x="-24834.52037688242" y="-21538.15417369001" scale="1.45464385826106" rotation="0"/></localToWorld><mask><rectangle x="9" y="0" w="1221" h="121"/></mask><onlineAssetId><string value="4693953207"/></onlineAssetId><onlineAssetUrl><string value="http://0103.static.prezi.com.s3.amazonaws.com/media/4/4/2/03a158699bbe5c183054417d90fc0c2f3fdd2.jpg"/></onlineAssetUrl><width><double value="1240"/></width></zImage><zText><id><string value="47_187972695"/></id><localToWorld><transform2D x="-25214.578076420115" y="-21590.34850707" scale="3.2795739142066984" rotation="0"/></localToWorld><styleClasses><array><token value="body"/></array></styleClasses><text><text><width>64.65847347362514</width><p><span><![CDATA[300 s ]]></span></p></text></text></zText><zText><id><string value="48_187972695"/></id><localToWorld><transform2D x="-24483.40394425468" y="-21592.49376589002" scale="3.2795739142066984" rotation="0"/></localToWorld><styleClasses><array><token value="body"/></array></styleClasses><text><text><width>64.65847347362514</width><p><span><![CDATA[40 s ]]></span></p></text></text></zText><zImage><assetSourceFilename><string value="http://0103.static.prezi.com.s3.amazonaws.com/media/4/4/2/03a158699bbe5c183054417d90fc0c2f3fdd2.jpg"/></assetSourceFilename><height><double value="121"/></height><id><string value="29_233845833"/></id><localToWorld><transform2D x="-18083.90170211544" y="-21648.0378625119" scale="1.7921487983120936" rotation="0"/></localToWorld><mask><rectangle x="9" y="0" w="1221" h="121"/></mask><onlineAssetId><string value="4693953207"/></onlineAssetId><onlineAssetUrl><string value="http://0103.static.prezi.com.s3.amazonaws.com/media/4/4/2/03a158699bbe5c183054417d90fc0c2f3fdd2.jpg"/></onlineAssetUrl><width><double value="1240"/></width></zImage><zText><id><string value="30_233845833"/></id><localToWorld><transform2D x="-18554.37931856441" y="-21714.91072323061" scale="4.040497208950791" rotation="0"/></localToWorld><styleClasses><array><token value="body"/></array></styleClasses><text><text><width>64.65847347362514</width><p><span><![CDATA[300 s ]]></span></p></text></text></zText><zText><id><string value="31_233845833"/></id><localToWorld><transform2D x="-17710.215053633834" y="-21714.91072323061" scale="4.040497208950791" rotation="0"/></localToWorld><styleClasses><array><token value="body"/></array></styleClasses><text><text><width>64.65847347362514</width><p><span><![CDATA[400 s ]]></span></p></text></text></zText><zImage><assetSourceFilename><string value="http://0103.static.prezi.com.s3.amazonaws.com/media/4/4/2/03a158699bbe5c183054417d90fc0c2f3fdd2.jpg"/></assetSourceFilename><height><double value="121"/></height><id><string value="33_233845833"/></id><localToWorld><transform2D x="-22334.86299907208" y="-22237.59378686719" scale="1.1889259446537448" rotation="0"/></localToWorld><mask><rectangle x="9" y="0" w="1221" h="121"/></mask><onlineAssetId><string value="4693953207"/></onlineAssetId><onlineAssetUrl><string value="http://0103.static.prezi.com.s3.amazonaws.com/media/4/4/2/03a158699bbe5c183054417d90fc0c2f3fdd2.jpg"/></onlineAssetUrl><width><double value="1240"/></width></zImage><zText><id><string value="34_233845833"/></id><localToWorld><transform2D x="-22610.10989400143" y="-22282.150653503624" scale="2.6804983858187827" rotation="0"/></localToWorld><styleClasses><array><token value="body"/></array></styleClasses><text><text><width>64.65847347362514</width><p><span><![CDATA[  2 s ]]></span></p></text></text></zText><zText><id><string value="35_233845833"/></id><localToWorld><transform2D x="-22047.884551409676" y="-22282.007235988545" scale="2.6804983858187827" rotation="0"/></localToWorld><styleClasses><array><token value="body"/></array></styleClasses><text><text><width>64.65847347362514</width><p><span><![CDATA[40 s ]]></span></p></text></text></zText><zImage><assetSourceFilename><string value="http://0103.static.prezi.com.s3.amazonaws.com/media/4/4/2/03a158699bbe5c183054417d90fc0c2f3fdd2.jpg"/></assetSourceFilename><height><double value="121"/></height><id><string value="56_187972695"/></id><localToWorld><transform2D x="-24026.300163481956" y="-22499.52014196756" scale="0.549353128270866" rotation="0"/></localToWorld><mask><rectangle x="9" y="0" w="1221" h="121"/></mask><onlineAssetId><string value="4693953207"/></onlineAssetId><onlineAssetUrl><string value="http://0103.static.prezi.com.s3.amazonaws.com/media/4/4/2/03a158699bbe5c183054417d90fc0c2f3fdd2.jpg"/></onlineAssetUrl><width><double value="1240"/></width></zImage><zText><id><string value="57_187972695"/></id><localToWorld><transform2D x="-24169.15873139329" y="-22520.11942302475" scale="1.2385465892103225" rotation="0"/></localToWorld><styleClasses><array><token value="body"/></array></styleClasses><text><text><width>64.65847347362514</width><p><span><![CDATA[x+1 s ]]></span></p></text></text></zText><zText><id><string value="58_187972695"/></id><localToWorld><transform2D x="-23910.641082771588" y="-22520.03774288301" scale="1.2385465892103225" rotation="0"/></localToWorld><styleClasses><array><token value="body"/></array></styleClasses><text><text><width>64.65847347362514</width><p><span><![CDATA[x+1 s ]]></span></p></text></text></zText><zText><id><string value="36_233845833"/></id><localToWorld><transform2D x="-28256.106752864715" y="-16317.763835479414" scale="3.6226437013786015" rotation="0"/></localToWorld><styleClasses><array><token value="title"/></array></styleClasses><text><text><width>249.14439376884627</width><p><span><![CDATA[Traffic per day (2015)]]></span></p></text></text></zText><zText><id><string value="37_233845833"/></id><localToWorld><transform2D x="-27570.26979129307" y="-16110.704676156822" scale="1.598876177289322" rotation="0"/></localToWorld><styleClasses><array><token value="body"/></array></styleClasses><text><text><width>320.34127646891096</width><p><span><![CDATA[Airolo            Göschenen]]></span></p></text></text></zText><zText><id><string value="39_233845833"/></id><localToWorld><transform2D x="-23920.64941225557" y="-15536.624452535654" scale="2.480023806042832" rotation="0"/></localToWorld><styleClasses><array><token value="title"/></array></styleClasses><text><text><width>381.120583112466</width><p><span><![CDATA[Cars per hour R1 direction (Airolo)]]></span></p></text></text></zText><zText><id><string value="40_233845833"/></id><localToWorld><transform2D x="-22340.907329561167" y="-15730.86017873673" scale="2.480023806042832" rotation="0"/></localToWorld><styleClasses><array><token value="title"/></array></styleClasses><text><text><width>381.120583112466</width><p align="right"><span><![CDATA[Cars per hour R2 direction (Göschenen)]]></span></p></text></text></zText><zText><id><string value="1_235675359"/></id><localToWorld><transform2D x="-23497.760644086615" y="-22843.63042456527" scale="1.4156517456914368" rotation="0"/></localToWorld><styleClasses><array><token value="body"/></array></styleClasses><text><text><width>69.8063319336381</width><p><span><![CDATA[30 s]]></span></p></text></text></zText><zText><id><string value="2_235675359"/></id><localToWorld><transform2D x="-23344.835487960092" y="-22843.615664876343" scale="1.4156517456914368" rotation="0"/></localToWorld><styleClasses><array><token value="body"/></array></styleClasses><text><text><width>-45.36328125</width><p><span><![CDATA[40 s]]></span></p></text></text></zText></array></zObjects></prezi>